<?xml version="1.0" encoding="UTF-8"?>
<beans xmlns="http://www.springframework.org/schema/beans"
	xmlns:xsi="http://www.w3.org/2001/XMLSchema-instance"
	xmlns:aop="http://www.springframework.org/schema/aop"
	xmlns:context="http://www.springframework.org/schema/context"
	xmlns:p="http://www.springframework.org/schema/p"
	xmlns:tx="http://www.springframework.org/schema/tx"
	xsi:schemaLocation="http://www.springframework.org/schema/beans https://www.springframework.org/schema/beans/spring-beans.xsd
		http://www.springframework.org/schema/context http://www.springframework.org/schema/context/spring-context-4.3.xsd
		http://www.springframework.org/schema/aop http://www.springframework.org/schema/aop/spring-aop-4.3.xsd
		http://www.springframework.org/schema/tx http://www.springframework.org/schema/tx/spring-tx-4.3.xsd">
	
	<!-- Root Context: defines shared resources visible to all other web components -->
		
	
	<context:component-scan
		base-package="com.springproj.biz" />

	<!-- AOP Annotation 이용하기 위한 설정 -->
	<aop:aspectj-autoproxy /> 

	<!-- 스프링 JDBC 설정방법 1. -->
	<!-- <bean id="dataSource" class="org.apache.commons.dbcp.BasicDataSource"> 
		<property name="driverClassName" value="oracle.jdbc.driver.OracleDriver"/> 
		<property name="url" value="jdbc:oracle:thin:@localhost:1521:xe"/> <property 
		name="username" value="scott"/> <property name="password" value="tiger"/> 
		</bean> -->

	<!-- 스프링 JDBC 설정 방법 2. -->
	<context:property-placeholder
		location="classpath:config/database.properties" />
	<bean id="dataSource"
		class="org.apache.commons.dbcp.BasicDataSource">
		<property name="driverClassName" value="${driver}" />
		<property name="url" value="${url}" />
		<property name="username" value="${name}" />
		<property name="password" value="${pw}" />
	</bean>


	<bean id="jdbcTemplate"
		class="org.springframework.jdbc.core.JdbcTemplate">
		<property name="dataSource" ref="dataSource" />
	</bean>


	<!-- Transaction 설정 -->
	<bean id="txManager"
		class="org.springframework.jdbc.datasource.DataSourceTransactionManager">
		<property name="dataSource" ref="dataSource" />
	</bean>


	<tx:advice id="txAdvice" transaction-manager="txManager">
		<tx:attributes>
			<tx:method name="get*" read-only="true" />
			<tx:method name="*" />
		</tx:attributes>
	</tx:advice>


	<aop:config>
		<aop:pointcut id="txPointcut" expression="execution(* com.springproj.biz..*(..))"  />
		<aop:advisor advice-ref="txAdvice" pointcut-ref="txPointcut" />     <!-- aspect는 매서드가 적용되어
		야 하기때문에 advisor을 사용한다 / advisor는 transaction에서 사용한다 -->
	</aop:config>
		
		
		
		
</beans>
