<?xml version="1.0" encoding="UTF-8"?>
<beans xmlns="http://www.springframework.org/schema/beans"
	xmlns:xsi="http://www.w3.org/2001/XMLSchema-instance"
	xmlns:p="http://www.springframework.org/schema/p"
	xmlns:context="http://www.springframework.org/schema/context"
	xmlns:aop="http://www.springframework.org/schema/aop"
	xsi:schemaLocation="http://www.springframework.org/schema/beans http://www.springframework.org/schema/beans/spring-beans.xsd
      http://www.springframework.org/schema/context http://www.springframework.org/schema/context/spring-context-4.3.xsd
      http://www.springframework.org/schema/aop http://www.springframework.org/schema/aop/spring-aop-4.3.xsd">

	<context:component-scan
		base-package="com.springproj.biz" />

	<!-- AOP Annotation 이용하기 위한 설정 -->
	<aop:aspectj-autoproxy />
	
	<!-- 스프링 JDBC 설정방법 1.  -->
<!-- 	<bean id="dataSource" class="org.apache.commons.dbcp.BasicDataSource">
	<property name="driverClassName" value="oracle.jdbc.driver.OracleDriver"/>
	<property name="url" value="jdbc:oracle:thin:@localhost:1521:xe"/>
	<property name="username" value="scott"/>
	<property name="password" value="tiger"/>
	</bean> -->

	<!-- 스프링 JDBC 설정 방법 2.  -->
	<context:property-placeholder location="classpath:config/database.properties"/>
	<bean id="dataSource" class="org.apache.commons.dbcp.BasicDataSource">
	<property name="driverClassName" value="${driver}"/>
	<property name="url" value="${url}"/>
	<property name="username" value="${name}"/>
	<property name="password" value="${pw}"/>
	</bean>
	

	<bean id="jdbcTemplate" class="org.springframework.jdbc.core.JdbcTemplate" >
		<property name="dataSource" ref="dataSource"/>
	</bean>
</beans>